title,price,rating,reviews,availability
PlayStation 4 Slim 1TB Console - Black (Renewed),,4.3 out of 5 stars,"1,411 ratings",Not Available
Sony Playstation PS4 1TB Black Console,,4.7 out of 5 stars,"1,234 ratings",Not Available
Sony PlayStation 4 Slim Limited Edition 1TB Gaming Console,,4.3 out of 5 stars,"1,268 ratings",In Stock
Among Us: Crewmate Edition (PS4) - PlayStation 4,,4.4 out of 5 stars,306 ratings,Only 1 left in stock - order soon
Spongebob Squarepants: Battle for Bikini Bottom - Rehydrated - PlayStation 4,,4.7 out of 5 stars,"3,524 ratings",In Stock
Hot Wheels Unleashed - PlayStation 4,,4.6 out of 5 stars,"1,162 ratings",In Stock
Prodeus - PlayStation 4,,3.8 out of 5 stars,11 ratings,In Stock
The Texas Chain Saw Massacre - PlayStation 4,,4.0 out of 5 stars,35 ratings,In Stock
Surge Playstation 4 Controller Phone Mount - Black - Playstation 4,,3.8 out of 5 stars,23 ratings,In Stock
PlayStation 4 Move Motion Controller (Bulk Packaging),,4.4 out of 5 stars,618 ratings,Not Available
PlayStation 4 Slim 1TB Console,,4.7 out of 5 stars,"15,586 ratings",Not Available
Sonic Superstars - PlayStation 4,,Previous page of related Sponsored Products,,In Stock
Sony Playstation 4 Slim(CUH-2215B) 1TB Core with Starter Pack Bundle-(Jet Black),,3.5 out of 5 stars,29 ratings,Only 2 left in stock - order soon
"Playstation Sony 4, 500GB Slim System [CUH-2215AB01], Black, 3003347",,4.6 out of 5 stars,326 ratings,Not Available
PlayStation 4 500GB Console [Old Model][Discontinued],,4.6 out of 5 stars,"13,542 ratings",
Five Nights at Freddy's: The Core Collection (PS4) - PlayStation 4,,4.6 out of 5 stars,"1,524 ratings",Only 1 left in stock - order soon
You Suck at Parking - PlayStation 4,,Previous page of related Sponsored Products,,Only 17 left in stock (more on the way)
PlayStation®4 Console – Call of Duty® Modern Warfare II Bundle,,4.6 out of 5 stars,17 ratings,Not Available
PlayStation 4 Slim 1TB Console - Black (Renewed),,4.3 out of 5 stars,"1,411 ratings",Not Available
Sony PlayStation 2 Console - Black (Renewed),,4.3 out of 5 stars,"1,300 ratings",Not Available
PlayStation 2 Slim Console PS2 (Renewed),,4.0 out of 5 stars,"1,103 ratings",Not Available
PlayStation 4 500GB Console (Renewed),,4.1 out of 5 stars,808 ratings,In Stock
"Sony PlayStation 4 Pro w/ Accessories, 1TB HDD, CUH-7215B - Jet Black (Renewed)",,4.1 out of 5 stars,701 ratings,Not Available
Playstation 2 Console - Black (Renewed),,4.1 out of 5 stars,331 ratings,Not Available
F1 Manager 2023 - PlayStation 4,,5.0 out of 5 stars,1 rating,In Stock
Like a Dragon: Infinite Wealth - PlayStation 4,,Previous page of related Sponsored Products,,"This item will be released on January 26, 2024."
